Date;response_time_ms
02.01.2024;77,44539475
03.01.2024;77,04557544
06.01.2024;74,89697204
07.01.2024;75,856461
08.01.2024;75,09194679
09.01.2024;76,20263178
10.01.2024;75,2301837
13.01.2024;73,84891755
14.01.2024;75,0113527
15.01.2024;77,14481412
16.01.2024;77,33058367
17.01.2024;76,85652616
21.01.2024;75,39394758
22.01.2024;76,7763823
23.01.2024;76,64038513
24.01.2024;77,20512022
27.01.2024;76,66007339
28.01.2024;70,90497216
29.01.2024;70,23598702
30.01.2024;70,03463724
31.01.2024;69,00470795
03.02.2024;70,04050186
04.02.2024;70,50025256
05.02.2024;70,599595
06.02.2024;71,50652865
07.02.2024;73,09834283
10.02.2024;72,71181988
11.02.2024;74,38994589
12.02.2024;75,2743945
13.02.2024;74,9602296
14.02.2024;76,05688873
18.02.2024;76,55140204
19.02.2024;76,37468597
20.02.2024;74,7279776
21.02.2024;74,69710728
24.02.2024;73,34314093
25.02.2024;74,21622457
26.02.2024;73,40762211
27.02.2024;72,50368071
28.02.2024;74,17817422
03.03.2024;73,38154805
04.03.2024;74,44635193
05.03.2024;74,43810354
06.03.2024;74,69600358
07.03.2024;74,46113283
10.03.2024;74,07111203
11.03.2024;75,07027178
12.03.2024;74,93559065
13.03.2024;75,35199472
14.03.2024;74,13480798
17.03.2024;73,98459392
18.03.2024;73,7289236
19.03.2024;74,62019501
20.03.2024;74,28682958
21.03.2024;74,57820913
24.03.2024;75,48205234
25.03.2024;75,92068662
26.03.2024;76,62498351
27.03.2024;75,70890299
28.03.2024;75,47469806
31.03.2024;75,5990936
01.04.2024;75,39461719
02.04.2024;76,03616773
03.04.2024;75,90452792
04.04.2024;75,68018051
07.04.2024;74,02790571
08.04.2024;73,62532898
09.04.2024;73,27327651
10.04.2024;74,39941392
11.04.2024;72,7644772
14.04.2024;73,1708442
15.04.2024;72,94387096
16.04.2024;72,62541762
17.04.2024;72,897474
21.04.2024;73,65263437
22.04.2024;74,06474967
23.04.2024;74,17426241
24.04.2024;79,66168695
25.04.2024;79,14119558
28.04.2024;80,30519282
29.04.2024;83,23767089
30.04.2024;83,08750733
01.05.2024;82,99289917
02.05.2024;83,04635189
05.05.2024;82,73311868
06.05.2024;84,3659999
07.05.2024;83,449361
08.05.2024;82,92665266
09.05.2024;82,40901903
12.05.2024;82,82714134
13.05.2024;83,46187012
14.05.2024;83,516998
15.05.2024;83,83894399
16.05.2024;82,98805242
19.05.2024;84,28974015
20.05.2024;85,22180467
21.05.2024;85,13035972
22.05.2024;85,51554663
23.05.2024;85,61005813
27.05.2024;86,82546553
28.05.2024;88,25336036
29.05.2024;88,51837168
30.05.2024;89,94207773
02.06.2024;89,37862849
03.06.2024;88,59990714
04.06.2024;89,8695301
05.06.2024;91,09787905
06.06.2024;91,62042691
09.06.2024;91,483127
10.06.2024;93,48368488
11.06.2024;92,89646175
12.06.2024;92,80705602
13.06.2024;90,98790535
16.06.2024;90,30905531
17.06.2024;91,09697763
18.06.2024;91,05881862
19.06.2024;91,07433595
20.06.2024;90,64769552
23.06.2024;90,12358031
24.06.2024;89,55380483
25.06.2024;89,02197543
26.06.2024;89,18693839
27.06.2024;89,62525984
30.06.2024;90,89089637
01.07.2024;92,29
02.07.2024;92,63486842
03.07.2024;92,43474742
07.07.2024;92,90402626
08.07.2024;95,00793917
09.07.2024;94,1893448
10.07.2024;92,52683502
11.07.2024;94,10816215
14.07.2024;94,59776879
15.07.2024;95,53059169
16.07.2024;95,69111732
17.07.2024;93,78457514
18.07.2024;92,39063645
21.07.2024;93,74625186
22.07.2024;93,44052365
23.07.2024;94,16331104
24.07.2024;95,75986808
25.07.2024;95,58074639
28.07.2024;96,53575439
29.07.2024;98,0275432
30.07.2024;97,14618849
31.07.2024;95,87943933
01.08.2024;93,65612192
04.08.2024;95,09971859
05.08.2024;94,10684609
06.08.2024;93,50276432
07.08.2024;94,14628493
08.08.2024;93,48395187
11.08.2024;94,48592562
12.08.2024;95,24942378
13.08.2024;95,3589675
14.08.2024;96,53139487
15.08.2024;97,09066136
18.08.2024;97,67554054
19.08.2024;98,58924699
20.08.2024;99,61107288
21.08.2024;99,74008252
22.08.2024;99,46843762
25.08.2024;100,9479319
26.08.2024;100,5856398
27.08.2024;100,1891295
28.08.2024;100,755422
29.08.2024;102,0170498
02.09.2024;102,2119748
03.09.2024;102,255943
04.09.2024;98,03397371
05.09.2024;97,99139133
08.09.2024;98,48225905
09.09.2024;98,2609899
10.09.2024;97,20457129
11.09.2024;99,58834664
12.09.2024;100,3737183
15.09.2024;101,960247
16.09.2024;98,97872298
17.09.2024;100,4325635
18.09.2024;101,0888447
19.09.2024;101,449066
22.09.2024;100,9639224
23.09.2024;99,77669525
24.09.2024;101,3166152
25.09.2024;99,67815061
26.09.2024;97,71828883
29.09.2024;97,84195885
30.09.2024;99,97950571
01.10.2024;99,75834241
02.10.2024;98,45517117
03.10.2024;98,62148163
06.10.2024;99,12728368
07.10.2024;98,61442228
08.10.2024;97,94679762
09.10.2024;100,7057276
10.10.2024;99,86032959
13.10.2024;100,4975123
14.10.2024;99,56654785
15.10.2024;97,16647324
16.10.2024;94,76582693
17.10.2024;96,70139244
20.10.2024;97,51183641
21.10.2024;102,1754914
22.10.2024;101,991238
23.10.2024;103,2261528
24.10.2024;104,3103307
27.10.2024;103,982152
28.10.2024;104,5310474
29.10.2024;105,7756568
30.10.2024;106,0801645
31.10.2024;107,1199176
03.11.2024;107,3297075
04.11.2024;108,4637716
05.11.2024;108,1980158
06.11.2024;108,1703956
07.11.2024;108,3210256
10.11.2024;108,5892493
11.11.2024;108,2739198
12.11.2024;108,947396
13.11.2024;111,363978
14.11.2024;112,7040594
17.11.2024;113,8188946
18.11.2024;113,4959626
19.11.2024;114,9869783
20.11.2024;114,4555369
21.11.2024;117,0458925
24.11.2024;116,3870522
25.11.2024;118,60425
26.11.2024;117,4741866
28.11.2024;118,7986564
01.12.2024;118,3453741
02.12.2024;113,054436
03.12.2024;115,2907142
04.12.2024;115,318909
05.12.2024;115,5361261
08.12.2024;113,6533452
09.12.2024;109,7554968
10.12.2024;113,9603314
11.12.2024;111,8174772
